Channel ID,Channel Title,Channel Description,Published At,Subscriber Count,View Count,Video Count
UC_vt34wimdCzdkrzVejwX9g,Geo News,"
#geonews #geonewsheadlines #geonewslive #breakingnews #pakistannews   
Geo News is Pakistan's Number. 1 news channel, catering to a diverse audience with the latest updates on local and global political developments, sports, business, and entertainment. Known for its dedicated news services and top-notch coverage of breaking events, Geo News has established a markedly distinct position in the electronic media landscape. The ethos of transparency and accountability lies at the heart of Geo's principles, solidifying its stature as one of the most trusted sources of information both within Pakistan and beyond. 

	Twitter Urdu: https://twitter.com/geonews_urdu
	 Twitter Eng: https://twitter.com/geonews_english
	 Facebook Urdu: https://www.facebook.com/GeoUrduDotTv/
	 Facebook Eng: https://www.facebook.com/GeoEnglishdotTV/
	 Instagram Urdu: https://www.instagram.com/geourdudottv/
	 Instagram Eng: https://www.instagram.com/geonewsdottv/
	 TikTok: https://www.tiktok.com/@geonews

",2007-01-10T19:16:49Z,21000000,12801945759,364879
